{
  "version": 1,
  "author": "Anonymous maker",
  "editor": "wokwi",
  "parts": [
    {
      "type": "wokwi-pi-pico",
      "id": "pico",
      "top": -126.67,
      "left": -174.67,
      "attrs": { "env": "micropython-20230426-v1.20.0" }
    },
    {
      "type": "wokwi-led-ring",
      "id": "ring1",
      "top": -270.08,
      "left": -93.55,
      "attrs": { "pixels": "16" }
    }
  ],
  "connections": [
    [ "ring1:GND", "pico:GND.8", "black", [ "v0" ] ],
    [ "pico:VBUS", "ring1:VCC", "red", [ "h0" ] ],
    [ "pico:GP28", "ring1:DIN", "green", [ "h0" ] ]
  ],
  "dependencies": {}
}